<?xml version="1.0" encoding="UTF-8"?>
<beans xmlns="http://www.springframework.org/schema/beans"
   xmlns:xsi="http://www.w3.org/2001/XMLSchema-instance"
   xmlns:tx="http://www.springframework.org/schema/tx"   
   xmlns:context="http://www.springframework.org/schema/context"   xsi:schemaLocation="http://www.springframework.org/schema/beans
   https://www.springframework.org/schema/beans/spring-beans.xsd
   http://www.springframework.org/schema/tx 
   http://www.springframework.org/schema/tx/spring-tx-3.0.xsd
   http://www.springframework.org/schema/context 
   http://www.springframework.org/schema/context/spring-context.xsd">

   <bean name="dsdbcp" class="org.apache.commons.dbcp2.BasicDataSource"  destroy-method="close">
      <property name="driverClassName" value="com.mysql.cj.jdbc.Driver"/>
      <property name="url" value="jdbc:mysql://localhost:3306/spdb"/>
      <property name="username" value="root"/>
      <property name="password" value="root"/>
      <property name="initialSize" value="5"/>
      <property name="maxIdle" value="5"/>
   </bean>      
   
   <bean id="sessionFactoryMaria" class="org.springframework.orm.hibernate4.LocalSessionFactoryBean">
      <property name="dataSource" ref="dsdbcp" />
      <property name="configLocation">
         <value>classpath:cfg.xml</value>
      </property>
   </bean>
       
   <bean id="transactionManager" class="org.springframework.orm.hibernate4.HibernateTransactionManager">
      <property name="sessionFactory" ref="sessionFactoryMaria"/>
   </bean>
</beans>







