<?xml version="1.0" encoding="UTF-8"?>
<!DOCTYPE mapper PUBLIC "-//mybatis.org//DTD Mapper 3.0//EN" "http://mybatis.org/dtd/mybatis-3-mapper.dtd">
<mapper namespace="com.example.demo.mapper.BootMapper">	

	<insert id="insertData">
		INSERT INTO bootboard VALUES (null,#{title},#{writer},#{pw},#{content},now())			
	</insert>

	<select id="selectDataOne" resultType="com.example.demo.dto.BootDto">
		SELECT * FROM bootboard where idx = #{idx}
	</select>

	<update id="updateData" parameterType="com.example.demo.dto.BootDto">
		UPDATE bootboard SET title=#{title}, writer=#{writer}, pw=#{pw}, content=#{content} WHERE idx = #{idx}
	</update>

	<delete id="deleteData">
		DELETE FROM bootboard WHERE idx =  #{idx}
	</delete>

	<select id="selectDataAll" resultType="com.example.demo.dto.BootDto">
		SELECT * FROM bootboard
	</select>

	<select id="selectDataCount"  resultType="int">
		SELECT COUNT(idx) FROM bootboard
	</select>
</mapper>